[
{
  "fields": {
    "domain": "example.com",
    "name": "example.com"
  },
  "model": "sites.site",
  "pk": 1
},
{
  "fields": {
    "updated": 2,
    "name": "Test Study 1",
    "created": 1,
    "meta_store": {},
    "updates": [],
    "active": true,
    "description": ""
  },
  "model": "main.eddobject",
  "pk": 1
},
{
  "fields": {
    "updated": 4,
    "name": "Carbon source",
    "created": 3,
    "meta_store": {},
    "updates": [],
    "active": true,
    "description": null
  },
  "model": "main.eddobject",
  "pk": 2
},
{
  "fields": {
    "updated": 6,
    "name": "Line 1",
    "created": 5,
    "meta_store": {},
    "updates": [],
    "active": true,
    "description": ""
  },
  "model": "main.eddobject",
  "pk": 3
},
{
  "fields": {
    "updated": 8,
    "name": "Line 2",
    "created": 7,
    "meta_store": {},
    "updates": [],
    "active": true,
    "description": ""
  },
  "model": "main.eddobject",
  "pk": 4
},
{
  "fields": {
    "updated": 10,
    "name": "Strain 1",
    "created": 9,
    "meta_store": {},
    "updates": [],
    "active": true,
    "description": "JBEI strain 1"
  },
  "model": "main.eddobject",
  "pk": 5
},
{
  "fields": {
    "updated": 12,
    "name": "Strain 2",
    "created": 11,
    "meta_store": {},
    "updates": [],
    "active": false,
    "description": null
  },
  "model": "main.eddobject",
  "pk": 6
},
{
  "fields": {
    "updated": 14,
    "name": "GC-MS",
    "created": 13,
    "meta_store": {},
    "updates": [],
    "active": true,
    "description": null
  },
  "model": "main.eddobject",
  "pk": 7
},
{
  "fields": {
    "updated": 16,
    "name": "OD600",
    "created": 15,
    "meta_store": {},
    "updates": [],
    "active": true,
    "description": null
  },
  "model": "main.eddobject",
  "pk": 8
},
{
  "fields": {
    "updated": 18,
    "name": "HPLC",
    "created": 17,
    "meta_store": {},
    "updates": [],
    "active": true,
    "description": null
  },
  "model": "main.eddobject",
  "pk": 9
},
{
  "fields": {
    "updated": 20,
    "name": "O2/CO2",
    "created": 19,
    "meta_store": {},
    "updates": [],
    "active": true,
    "description": null
  },
  "model": "main.eddobject",
  "pk": 10
},
{
  "fields": {
    "updated": 22,
    "name": "Proteomics",
    "created": 21,
    "meta_store": {},
    "updates": [],
    "active": true,
    "description": null
  },
  "model": "main.eddobject",
  "pk": 11
},
{
  "fields": {
    "updated": 24,
    "name": "Transcriptomics",
    "created": 23,
    "meta_store": {},
    "updates": [],
    "active": true,
    "description": null
  },
  "model": "main.eddobject",
  "pk": 12
},
{
  "fields": {
    "updated": 26,
    "name": "LC-MS",
    "created": 25,
    "meta_store": {},
    "updates": [],
    "active": true,
    "description": null
  },
  "model": "main.eddobject",
  "pk": 13
},
{
  "fields": {
    "updated": 28,
    "name": "Assay 1",
    "created": 27,
    "meta_store": {},
    "updates": [],
    "active": true,
    "description": "GC-MS assay"
  },
  "model": "main.eddobject",
  "pk": 14
},
{
  "fields": {
    "updated": 30,
    "name": "Assay 2",
    "created": 29,
    "meta_store": {},
    "updates": [],
    "active": true,
    "description": "GC-MS assay"
  },
  "model": "main.eddobject",
  "pk": 15
},
{
  "fields": {
    "updated": 32,
    "name": "OD measurement",
    "created": 31,
    "meta_store": {},
    "updates": [],
    "active": true,
    "description": "OD measurement"
  },
  "model": "main.eddobject",
  "pk": 16
},
{
  "fields": {
    "updated": 34,
    "name": "HPLC assay",
    "created": 33,
    "meta_store": {},
    "updates": [],
    "active": true,
    "description": "HPLC measurement"
  },
  "model": "main.eddobject",
  "pk": 17
},
{
  "fields": {
    "updated": 36,
    "name": "RAMOS assay",
    "created": 35,
    "meta_store": {},
    "updates": [],
    "active": true,
    "description": "O2/CO2 measurements"
  },
  "model": "main.eddobject",
  "pk": 18
},
{
  "fields": {
    "updated": 38,
    "name": "LC-MS assay",
    "created": 37,
    "meta_store": {},
    "updates": [],
    "active": true,
    "description": "IC LC-MS measurements"
  },
  "model": "main.eddobject",
  "pk": 19
},
{
  "fields": {
    "updated": 41,
    "name": "R_Ec_biomass_iJO1366_core_53p95M",
    "created": 40,
    "meta_store": {},
    "updates": [],
    "active": true,
    "description": null
  },
  "model": "main.eddobject",
  "pk": 20
},
{
  "fields": {
    "registry_id": "ddfe51d0-4f7b-4625-8094-a1b51b509a72",
    "updates": [],
    "registry_url": "http://registry.jbei.org/strain/666"
  },
  "model": "main.strain",
  "pk": 5
},
{
  "fields": {
    "registry_id": "cc3cdabf-1871-4195-b08d-307b79345907",
    "updates": [],
    "registry_url": null
  },
  "model": "main.strain",
  "pk": 6
},
{
  "fields": {
    "volume": "10.00000",
    "updates": [],
    "labeling": ""
  },
  "model": "main.carbonsource",
  "pk": 2
},
{
  "fields": {
    "type_name": "Acetate",
    "type_group": "m",
    "short_name": "ac"
  },
  "model": "main.measurementtype",
  "pk": 1
},
{
  "fields": {
    "type_name": "D-Glucose",
    "type_group": "m",
    "short_name": "glc-D"
  },
  "model": "main.measurementtype",
  "pk": 2
},
{
  "fields": {
    "type_name": "Optical Density",
    "type_group": "m",
    "short_name": "OD"
  },
  "model": "main.measurementtype",
  "pk": 3
},
{
  "fields": {
    "type_name": "CO2 production",
    "type_group": "m",
    "short_name": "CO2p"
  },
  "model": "main.measurementtype",
  "pk": 4
},
{
  "fields": {
    "type_name": "O2 consumption",
    "type_group": "m",
    "short_name": "O2c"
  },
  "model": "main.measurementtype",
  "pk": 5
},
{
  "fields": {
    "type_name": "CO2",
    "type_group": "m",
    "short_name": "co2"
  },
  "model": "main.measurementtype",
  "pk": 6
},
{
  "fields": {
    "type_name": "O2",
    "type_group": "m",
    "short_name": "o2"
  },
  "model": "main.measurementtype",
  "pk": 7
},
{
  "fields": {
    "molecular_formula": "C2H3O2",
    "keywords": [],
    "charge": -1,
    "carbon_count": 2,
    "molar_mass": "60.05000"
  },
  "model": "main.metabolite",
  "pk": 1
},
{
  "fields": {
    "molecular_formula": "C6H12O6",
    "keywords": [],
    "charge": 0,
    "carbon_count": 6,
    "molar_mass": "180.16000"
  },
  "model": "main.metabolite",
  "pk": 2
},
{
  "fields": {
    "molecular_formula": "",
    "keywords": [],
    "charge": 0,
    "carbon_count": 0,
    "molar_mass": "0.00000"
  },
  "model": "main.metabolite",
  "pk": 3
},
{
  "fields": {
    "molecular_formula": "CO2",
    "keywords": [],
    "charge": 0,
    "carbon_count": 1,
    "molar_mass": "44.01000"
  },
  "model": "main.metabolite",
  "pk": 4
},
{
  "fields": {
    "molecular_formula": "O2",
    "keywords": [],
    "charge": 0,
    "carbon_count": 0,
    "molar_mass": "32.00000"
  },
  "model": "main.metabolite",
  "pk": 5
},
{
  "fields": {
    "molecular_formula": "CO2",
    "keywords": [],
    "charge": 0,
    "carbon_count": 1,
    "molar_mass": "44.01000"
  },
  "model": "main.metabolite",
  "pk": 6
},
{
  "fields": {
    "molecular_formula": "O2",
    "keywords": [],
    "charge": 0,
    "carbon_count": 0,
    "molar_mass": "32.00000"
  },
  "model": "main.metabolite",
  "pk": 7
},
{
  "fields": {
    "unit_name": "hours",
    "alternate_names": null,
    "display": true,
    "type_group": "_"
  },
  "model": "main.measurementunit",
  "pk": 1
},
{
  "fields": {
    "unit_name": "mM",
    "alternate_names": null,
    "display": true,
    "type_group": "_"
  },
  "model": "main.measurementunit",
  "pk": 2
},
{
  "fields": {
    "unit_name": "n/a",
    "alternate_names": null,
    "display": true,
    "type_group": "_"
  },
  "model": "main.measurementunit",
  "pk": 3
},
{
  "fields": {
    "unit_name": "Cmol/L",
    "alternate_names": null,
    "display": true,
    "type_group": "_"
  },
  "model": "main.measurementunit",
  "pk": 4
},
{
  "fields": {
    "unit_name": "mol/L/hr",
    "alternate_names": null,
    "display": true,
    "type_group": "_"
  },
  "model": "main.measurementunit",
  "pk": 5
},
{
  "fields": {
    "y": [ "0.00000" ],
    "x": [ "0.00000" ],
    "updated": 39,
    "measurement": 1
  },
  "model": "main.measurementvalue",
  "pk": 1
},
{
  "fields": {
    "y": [ "0.00000" ],
    "x": [ "0.00000" ],
    "updated": 39,
    "measurement": 6
  },
  "model": "main.measurementvalue",
  "pk": 2
},
{
  "fields": {
    "y": [ "2.00000" ],
    "x": [ "0.00000" ],
    "updated": 39,
    "measurement": 10
  },
  "model": "main.measurementvalue",
  "pk": 3
},
{
  "fields": {
    "y": [ "0.10000" ],
    "x": [ "4.00000" ],
    "updated": 39,
    "measurement": 1
  },
  "model": "main.measurementvalue",
  "pk": 4
},
{
  "fields": {
    "y": [ "0.11000" ],
    "x": [ "4.00000" ],
    "updated": 39,
    "measurement": 6
  },
  "model": "main.measurementvalue",
  "pk": 5
},
{
  "fields": {
    "y": [ "1.90000" ],
    "x": [ "4.00000" ],
    "updated": 39,
    "measurement": 10
  },
  "model": "main.measurementvalue",
  "pk": 6
},
{
  "fields": {
    "y": [ "0.20000" ],
    "x": [ "8.00000" ],
    "updated": 39,
    "measurement": 1
  },
  "model": "main.measurementvalue",
  "pk": 7
},
{
  "fields": {
    "y": [ "0.22000" ],
    "x": [ "8.00000" ],
    "updated": 39,
    "measurement": 6
  },
  "model": "main.measurementvalue",
  "pk": 8
},
{
  "fields": {
    "y": [ "1.80000" ],
    "x": [ "8.00000" ],
    "updated": 39,
    "measurement": 10
  },
  "model": "main.measurementvalue",
  "pk": 9
},
{
  "fields": {
    "y": [ "0.40000" ],
    "x": [ "12.00000" ],
    "updated": 39,
    "measurement": 1
  },
  "model": "main.measurementvalue",
  "pk": 10
},
{
  "fields": {
    "y": [ "0.44000" ],
    "x": [ "12.00000" ],
    "updated": 39,
    "measurement": 6
  },
  "model": "main.measurementvalue",
  "pk": 11
},
{
  "fields": {
    "y": [ "1.60000" ],
    "x": [ "12.00000" ],
    "updated": 39,
    "measurement": 10
  },
  "model": "main.measurementvalue",
  "pk": 12
},
{
  "fields": {
    "y": [ "0.80000" ],
    "x": [ "18.00000" ],
    "updated": 39,
    "measurement": 1
  },
  "model": "main.measurementvalue",
  "pk": 13
},
{
  "fields": {
    "y": [ "0.88000" ],
    "x": [ "18.00000" ],
    "updated": 39,
    "measurement": 6
  },
  "model": "main.measurementvalue",
  "pk": 14
},
{
  "fields": {
    "y": [ "1.20000" ],
    "x": [ "18.00000" ],
    "updated": 39,
    "measurement": 10
  },
  "model": "main.measurementvalue",
  "pk": 15
},
{
  "fields": {
    "y": [ "1.60000" ],
    "x": [ "24.00000" ],
    "updated": 39,
    "measurement": 1
  },
  "model": "main.measurementvalue",
  "pk": 16
},
{
  "fields": {
    "y": [ "1.76000" ],
    "x": [ "24.00000" ],
    "updated": 39,
    "measurement": 6
  },
  "model": "main.measurementvalue",
  "pk": 17
},
{
  "fields": {
    "y": [ "0.40000" ],
    "x": [ "24.00000" ],
    "updated": 39,
    "measurement": 10
  },
  "model": "main.measurementvalue",
  "pk": 18
},
{
  "fields": {
    "y": [ "0.00000" ],
    "x": [ "0.00000" ],
    "updated": 39,
    "measurement": 2
  },
  "model": "main.measurementvalue",
  "pk": 19
},
{
  "fields": {
    "y": [ "0.00000" ],
    "x": [ "0.00000" ],
    "updated": 39,
    "measurement": 7
  },
  "model": "main.measurementvalue",
  "pk": 20
},
{
  "fields": {
    "y": [ "0.50000" ],
    "x": [ "4.00000" ],
    "updated": 39,
    "measurement": 2
  },
  "model": "main.measurementvalue",
  "pk": 21
},
{
  "fields": {
    "y": [ "0.55000" ],
    "x": [ "4.00000" ],
    "updated": 39,
    "measurement": 7
  },
  "model": "main.measurementvalue",
  "pk": 22
},
{
  "fields": {
    "y": [ "0.60000" ],
    "x": [ "8.00000" ],
    "updated": 39,
    "measurement": 2
  },
  "model": "main.measurementvalue",
  "pk": 23
},
{
  "fields": {
    "y": [ "0.66000" ],
    "x": [ "8.00000" ],
    "updated": 39,
    "measurement": 7
  },
  "model": "main.measurementvalue",
  "pk": 24
},
{
  "fields": {
    "y": [ "0.65000" ],
    "x": [ "12.00000" ],
    "updated": 39,
    "measurement": 2
  },
  "model": "main.measurementvalue",
  "pk": 25
},
{
  "fields": {
    "y": [ "0.71500" ],
    "x": [ "12.00000" ],
    "updated": 39,
    "measurement": 7
  },
  "model": "main.measurementvalue",
  "pk": 26
},
{
  "fields": {
    "y": [ "0.67500" ],
    "x": [ "18.00000" ],
    "updated": 39,
    "measurement": 2
  },
  "model": "main.measurementvalue",
  "pk": 27
},
{
  "fields": {
    "y": [ "0.74250" ],
    "x": [ "18.00000" ],
    "updated": 39,
    "measurement": 7
  },
  "model": "main.measurementvalue",
  "pk": 28
},
{
  "fields": {
    "y": [ "0.69000" ],
    "x": [ "24.00000" ],
    "updated": 39,
    "measurement": 2
  },
  "model": "main.measurementvalue",
  "pk": 29
},
{
  "fields": {
    "y": [ "0.75900" ],
    "x": [ "24.00000" ],
    "updated": 39,
    "measurement": 7
  },
  "model": "main.measurementvalue",
  "pk": 30
},
{
  "fields": {
    "y": [ "0.00000" ],
    "x": [ "0.00000" ],
    "updated": 39,
    "measurement": 3
  },
  "model": "main.measurementvalue",
  "pk": 31
},
{
  "fields": {
    "y": [ "0.20000" ],
    "x": [ "4.00000" ],
    "updated": 39,
    "measurement": 3
  },
  "model": "main.measurementvalue",
  "pk": 32
},
{
  "fields": {
    "y": [ "0.40000" ],
    "x": [ "8.00000" ],
    "updated": 39,
    "measurement": 3
  },
  "model": "main.measurementvalue",
  "pk": 33
},
{
  "fields": {
    "y": [ "0.80000" ],
    "x": [ "12.00000" ],
    "updated": 39,
    "measurement": 3
  },
  "model": "main.measurementvalue",
  "pk": 34
},
{
  "fields": {
    "y": [ "1.60000" ],
    "x": [ "18.00000" ],
    "updated": 39,
    "measurement": 3
  },
  "model": "main.measurementvalue",
  "pk": 35
},
{
  "fields": {
    "y": [ "3.20000" ],
    "x": [ "24.00000" ],
    "updated": 39,
    "measurement": 3
  },
  "model": "main.measurementvalue",
  "pk": 36
},
{
  "fields": {
    "y": [ "0.00000" ],
    "x": [ "0.00000" ],
    "updated": 39,
    "measurement": 4
  },
  "model": "main.measurementvalue",
  "pk": 37
},
{
  "fields": {
    "y": [ "0.50000" ],
    "x": [ "4.00000" ],
    "updated": 39,
    "measurement": 4
  },
  "model": "main.measurementvalue",
  "pk": 38
},
{
  "fields": {
    "y": [ "1.10000" ],
    "x": [ "8.00000" ],
    "updated": 39,
    "measurement": 4
  },
  "model": "main.measurementvalue",
  "pk": 39
},
{
  "fields": {
    "y": [ "2.05000" ],
    "x": [ "12.00000" ],
    "updated": 39,
    "measurement": 4
  },
  "model": "main.measurementvalue",
  "pk": 40
},
{
  "fields": {
    "y": [ "4.09000" ],
    "x": [ "18.00000" ],
    "updated": 39,
    "measurement": 4
  },
  "model": "main.measurementvalue",
  "pk": 41
},
{
  "fields": {
    "y": [ "5.45000" ],
    "x": [ "24.00000" ],
    "updated": 39,
    "measurement": 4
  },
  "model": "main.measurementvalue",
  "pk": 42
},
{
  "fields": {
    "y": [ "0.00000" ],
    "x": [ "0.00000" ],
    "updated": 39,
    "measurement": 5
  },
  "model": "main.measurementvalue",
  "pk": 43
},
{
  "fields": {
    "y": [ "0.30000" ],
    "x": [ "4.00000" ],
    "updated": 39,
    "measurement": 5
  },
  "model": "main.measurementvalue",
  "pk": 44
},
{
  "fields": {
    "y": [ "0.50000" ],
    "x": [ "8.00000" ],
    "updated": 39,
    "measurement": 5
  },
  "model": "main.measurementvalue",
  "pk": 45
},
{
  "fields": {
    "y": [ "0.55000" ],
    "x": [ "12.00000" ],
    "updated": 39,
    "measurement": 5
  },
  "model": "main.measurementvalue",
  "pk": 46
},
{
  "fields": {
    "y": [ "0.57000" ],
    "x": [ "18.00000" ],
    "updated": 39,
    "measurement": 5
  },
  "model": "main.measurementvalue",
  "pk": 47
},
{
  "fields": {
    "y": [ "0.59000" ],
    "x": [ "24.00000" ],
    "updated": 39,
    "measurement": 5
  },
  "model": "main.measurementvalue",
  "pk": 48
},
{
  "fields": {
    "y": [ "0.10000" ],
    "x": [ "0.00000" ],
    "updated": 39,
    "measurement": 8
  },
  "model": "main.measurementvalue",
  "pk": 49
},
{
  "fields": {
    "y": [ "0.10000" ],
    "x": [ "0.00000" ],
    "updated": 39,
    "measurement": 9
  },
  "model": "main.measurementvalue",
  "pk": 50
},
{
  "fields": {
    "y": [ "0.30000" ],
    "x": [ "12.00000" ],
    "updated": 39,
    "measurement": 8
  },
  "model": "main.measurementvalue",
  "pk": 51
},
{
  "fields": {
    "y": [ "0.30000" ],
    "x": [ "12.00000" ],
    "updated": 39,
    "measurement": 9
  },
  "model": "main.measurementvalue",
  "pk": 52
},
{
  "fields": {
    "y": [ "0.50000" ],
    "x": [ "24.00000" ],
    "updated": 39,
    "measurement": 8
  },
  "model": "main.measurementvalue",
  "pk": 53
},
{
  "fields": {
    "y": [ "0.50000" ],
    "x": [ "24.00000" ],
    "updated": 39,
    "measurement": 9
  },
  "model": "main.measurementvalue",
  "pk": 54
},
{
  "fields": {
    "biomass_exchange_name": "R_Ec_biomass_iJO1366_core_53p95M",
    "biomass_calculation": "33.19037",
    "updates": [],
    "biomass_calculation_info": ""
  },
  "model": "main.sbmltemplate",
  "pk": 20
},
{
  "fields": {
    "username": "admin",
    "first_name": "",
    "last_name": "",
    "is_active": true,
    "is_superuser": false,
    "is_staff": false,
    "last_login": "2015-05-19T01:40:41.648Z",
    "groups": [],
    "user_permissions": [],
    "password": "pbkdf2_sha256$15000$M6SaAKgcxosP$W9Lgxi5L9vL2jeNWyh6rv6TSqjeCGFfiuaqfrZvy39Q=",
    "email": "nechols@lbl.gov",
    "date_joined": "2015-05-19T01:40:41.648Z"
  },
  "model": "auth.user",
  "pk": 1
},
{
  "fields": {
    "username": "postdoc",
    "first_name": "",
    "last_name": "",
    "is_active": true,
    "is_superuser": false,
    "is_staff": false,
    "last_login": "2015-05-19T01:40:41.743Z",
    "groups": [],
    "user_permissions": [],
    "password": "pbkdf2_sha256$15000$uCaiarG21Zt8$pf6zHPbo6aTHO7yet98OOl5zAHh42e/jzeW9RYVPX/o=",
    "email": "nechols@lbl.gov",
    "date_joined": "2015-05-19T01:40:41.743Z"
  },
  "model": "auth.user",
  "pk": 2
},
{
  "fields": {
    "mod_time": "2015-05-19T01:40:41.830Z",
    "path": null,
    "origin": "localhost",
    "mod_by": null
  },
  "model": "main.update",
  "pk": 1
},
{
  "fields": {
    "mod_time": "2015-05-19T01:40:41.831Z",
    "path": null,
    "origin": "localhost",
    "mod_by": null
  },
  "model": "main.update",
  "pk": 2
},
{
  "fields": {
    "mod_time": "2015-05-19T01:40:41.849Z",
    "path": null,
    "origin": "localhost",
    "mod_by": null
  },
  "model": "main.update",
  "pk": 3
},
{
  "fields": {
    "mod_time": "2015-05-19T01:40:41.851Z",
    "path": null,
    "origin": "localhost",
    "mod_by": null
  },
  "model": "main.update",
  "pk": 4
},
{
  "fields": {
    "mod_time": "2015-05-19T01:40:41.854Z",
    "path": null,
    "origin": "localhost",
    "mod_by": null
  },
  "model": "main.update",
  "pk": 5
},
{
  "fields": {
    "mod_time": "2015-05-19T01:40:41.855Z",
    "path": null,
    "origin": "localhost",
    "mod_by": null
  },
  "model": "main.update",
  "pk": 6
},
{
  "fields": {
    "mod_time": "2015-05-19T01:40:41.874Z",
    "path": null,
    "origin": "localhost",
    "mod_by": null
  },
  "model": "main.update",
  "pk": 7
},
{
  "fields": {
    "mod_time": "2015-05-19T01:40:41.876Z",
    "path": null,
    "origin": "localhost",
    "mod_by": null
  },
  "model": "main.update",
  "pk": 8
},
{
  "fields": {
    "mod_time": "2015-05-19T01:40:41.888Z",
    "path": null,
    "origin": "localhost",
    "mod_by": null
  },
  "model": "main.update",
  "pk": 9
},
{
  "fields": {
    "mod_time": "2015-05-19T01:40:41.889Z",
    "path": null,
    "origin": "localhost",
    "mod_by": null
  },
  "model": "main.update",
  "pk": 10
},
{
  "fields": {
    "mod_time": "2015-05-19T01:40:41.895Z",
    "path": null,
    "origin": "localhost",
    "mod_by": null
  },
  "model": "main.update",
  "pk": 11
},
{
  "fields": {
    "mod_time": "2015-05-19T01:40:41.896Z",
    "path": null,
    "origin": "localhost",
    "mod_by": null
  },
  "model": "main.update",
  "pk": 12
},
{
  "fields": {
    "mod_time": "2015-05-19T01:40:41.908Z",
    "path": null,
    "origin": "localhost",
    "mod_by": null
  },
  "model": "main.update",
  "pk": 13
},
{
  "fields": {
    "mod_time": "2015-05-19T01:40:41.909Z",
    "path": null,
    "origin": "localhost",
    "mod_by": null
  },
  "model": "main.update",
  "pk": 14
},
{
  "fields": {
    "mod_time": "2015-05-19T01:40:41.912Z",
    "path": null,
    "origin": "localhost",
    "mod_by": null
  },
  "model": "main.update",
  "pk": 15
},
{
  "fields": {
    "mod_time": "2015-05-19T01:40:41.913Z",
    "path": null,
    "origin": "localhost",
    "mod_by": null
  },
  "model": "main.update",
  "pk": 16
},
{
  "fields": {
    "mod_time": "2015-05-19T01:40:41.916Z",
    "path": null,
    "origin": "localhost",
    "mod_by": null
  },
  "model": "main.update",
  "pk": 17
},
{
  "fields": {
    "mod_time": "2015-05-19T01:40:41.917Z",
    "path": null,
    "origin": "localhost",
    "mod_by": null
  },
  "model": "main.update",
  "pk": 18
},
{
  "fields": {
    "mod_time": "2015-05-19T01:40:41.920Z",
    "path": null,
    "origin": "localhost",
    "mod_by": null
  },
  "model": "main.update",
  "pk": 19
},
{
  "fields": {
    "mod_time": "2015-05-19T01:40:41.921Z",
    "path": null,
    "origin": "localhost",
    "mod_by": null
  },
  "model": "main.update",
  "pk": 20
},
{
  "fields": {
    "mod_time": "2015-05-19T01:40:41.923Z",
    "path": null,
    "origin": "localhost",
    "mod_by": null
  },
  "model": "main.update",
  "pk": 21
},
{
  "fields": {
    "mod_time": "2015-05-19T01:40:41.924Z",
    "path": null,
    "origin": "localhost",
    "mod_by": null
  },
  "model": "main.update",
  "pk": 22
},
{
  "fields": {
    "mod_time": "2015-05-19T01:40:41.926Z",
    "path": null,
    "origin": "localhost",
    "mod_by": null
  },
  "model": "main.update",
  "pk": 23
},
{
  "fields": {
    "mod_time": "2015-05-19T01:40:41.927Z",
    "path": null,
    "origin": "localhost",
    "mod_by": null
  },
  "model": "main.update",
  "pk": 24
},
{
  "fields": {
    "mod_time": "2015-05-19T01:40:41.930Z",
    "path": null,
    "origin": "localhost",
    "mod_by": null
  },
  "model": "main.update",
  "pk": 25
},
{
  "fields": {
    "mod_time": "2015-05-19T01:40:41.931Z",
    "path": null,
    "origin": "localhost",
    "mod_by": null
  },
  "model": "main.update",
  "pk": 26
},
{
  "fields": {
    "mod_time": "2015-05-19T01:40:41.946Z",
    "path": null,
    "origin": "localhost",
    "mod_by": null
  },
  "model": "main.update",
  "pk": 27
},
{
  "fields": {
    "mod_time": "2015-05-19T01:40:41.947Z",
    "path": null,
    "origin": "localhost",
    "mod_by": null
  },
  "model": "main.update",
  "pk": 28
},
{
  "fields": {
    "mod_time": "2015-05-19T01:40:41.956Z",
    "path": null,
    "origin": "localhost",
    "mod_by": null
  },
  "model": "main.update",
  "pk": 29
},
{
  "fields": {
    "mod_time": "2015-05-19T01:40:41.957Z",
    "path": null,
    "origin": "localhost",
    "mod_by": null
  },
  "model": "main.update",
  "pk": 30
},
{
  "fields": {
    "mod_time": "2015-05-19T01:40:41.961Z",
    "path": null,
    "origin": "localhost",
    "mod_by": null
  },
  "model": "main.update",
  "pk": 31
},
{
  "fields": {
    "mod_time": "2015-05-19T01:40:41.962Z",
    "path": null,
    "origin": "localhost",
    "mod_by": null
  },
  "model": "main.update",
  "pk": 32
},
{
  "fields": {
    "mod_time": "2015-05-19T01:40:41.965Z",
    "path": null,
    "origin": "localhost",
    "mod_by": null
  },
  "model": "main.update",
  "pk": 33
},
{
  "fields": {
    "mod_time": "2015-05-19T01:40:41.966Z",
    "path": null,
    "origin": "localhost",
    "mod_by": null
  },
  "model": "main.update",
  "pk": 34
},
{
  "fields": {
    "mod_time": "2015-05-19T01:40:41.969Z",
    "path": null,
    "origin": "localhost",
    "mod_by": null
  },
  "model": "main.update",
  "pk": 35
},
{
  "fields": {
    "mod_time": "2015-05-19T01:40:41.970Z",
    "path": null,
    "origin": "localhost",
    "mod_by": null
  },
  "model": "main.update",
  "pk": 36
},
{
  "fields": {
    "mod_time": "2015-05-19T01:40:41.974Z",
    "path": null,
    "origin": "localhost",
    "mod_by": null
  },
  "model": "main.update",
  "pk": 37
},
{
  "fields": {
    "mod_time": "2015-05-19T01:40:41.974Z",
    "path": null,
    "origin": "localhost",
    "mod_by": null
  },
  "model": "main.update",
  "pk": 38
},
{
  "fields": {
    "mod_time": "2015-05-19T01:40:41.982Z",
    "path": null,
    "origin": null,
    "mod_by": 1
  },
  "model": "main.update",
  "pk": 39
},
{
  "fields": {
    "mod_time": "2015-05-19T01:40:42.114Z",
    "path": null,
    "origin": "localhost",
    "mod_by": null
  },
  "model": "main.update",
  "pk": 40
},
{
  "fields": {
    "mod_time": "2015-05-19T01:40:42.115Z",
    "path": null,
    "origin": "localhost",
    "mod_by": null
  },
  "model": "main.update",
  "pk": 41
},
{
  "fields": {
    "contact_extra": "",
    "contact": null,
    "updates": []
  },
  "model": "main.study",
  "pk": 1
},
{
  "fields": {
    "study": 1,
    "user": 1,
    "permission_type": "R"
  },
  "model": "main.userpermission",
  "pk": 1
},
{
  "fields": {
    "owned_by": 1,
    "variant_of": null,
    "updates": [],
    "default_units": null,
    "categorization": "LCMS"
  },
  "model": "main.protocol",
  "pk": 7
},
{
  "fields": {
    "owned_by": 1,
    "variant_of": null,
    "updates": [],
    "default_units": null,
    "categorization": "OD"
  },
  "model": "main.protocol",
  "pk": 8
},
{
  "fields": {
    "owned_by": 1,
    "variant_of": null,
    "updates": [],
    "default_units": null,
    "categorization": "HPLC"
  },
  "model": "main.protocol",
  "pk": 9
},
{
  "fields": {
    "owned_by": 1,
    "variant_of": null,
    "updates": [],
    "default_units": null,
    "categorization": "RAMOS"
  },
  "model": "main.protocol",
  "pk": 10
},
{
  "fields": {
    "owned_by": 1,
    "variant_of": null,
    "updates": [],
    "default_units": null,
    "categorization": "TPOMICS"
  },
  "model": "main.protocol",
  "pk": 11
},
{
  "fields": {
    "owned_by": 1,
    "variant_of": null,
    "updates": [],
    "default_units": null,
    "categorization": "TPOMICS"
  },
  "model": "main.protocol",
  "pk": 12
},
{
  "fields": {
    "owned_by": 1,
    "variant_of": null,
    "updates": [],
    "default_units": null,
    "categorization": "LCMS"
  },
  "model": "main.protocol",
  "pk": 13
},
{
  "fields": {
    "control": false,
    "carbon_source": [
      2
    ],
    "study": 1,
    "strains": [
      5
    ],
    "contact": 1,
    "experimenter": 1,
    "updates": [],
    "replicate": null,
    "contact_extra": ""
  },
  "model": "main.line",
  "pk": 3
},
{
  "fields": {
    "control": false,
    "carbon_source": [
      2
    ],
    "study": 1,
    "strains": [],
    "contact": 1,
    "experimenter": 1,
    "updates": [],
    "replicate": null,
    "contact_extra": ""
  },
  "model": "main.line",
  "pk": 4
},
{
  "fields": {
    "experimenter": 1,
    "line": 3,
    "protocol": 7,
    "updates": []
  },
  "model": "main.assay",
  "pk": 14
},
{
  "fields": {
    "experimenter": 1,
    "line": 4,
    "protocol": 7,
    "updates": []
  },
  "model": "main.assay",
  "pk": 15
},
{
  "fields": {
    "experimenter": 1,
    "line": 3,
    "protocol": 8,
    "updates": []
  },
  "model": "main.assay",
  "pk": 16
},
{
  "fields": {
    "experimenter": 1,
    "line": 3,
    "protocol": 9,
    "updates": []
  },
  "model": "main.assay",
  "pk": 17
},
{
  "fields": {
    "experimenter": 1,
    "line": 3,
    "protocol": 10,
    "updates": []
  },
  "model": "main.assay",
  "pk": 18
},
{
  "fields": {
    "experimenter": 1,
    "line": 3,
    "protocol": 13,
    "updates": []
  },
  "model": "main.assay",
  "pk": 19
},
{
  "fields": {
    "x_units": 1,
    "assay": 14,
    "compartment": "2",
    "measurement_format": 0,
    "measurement_type": 1,
    "experimenter": 1,
    "y_units": 2,
    "active": true,
    "update_ref": 39
  },
  "model": "main.measurement",
  "pk": 1
},
{
  "fields": {
    "x_units": 1,
    "assay": 14,
    "compartment": "2",
    "measurement_format": 0,
    "measurement_type": 2,
    "experimenter": 1,
    "y_units": 2,
    "active": true,
    "update_ref": 39
  },
  "model": "main.measurement",
  "pk": 2
},
{
  "fields": {
    "x_units": 1,
    "assay": 15,
    "compartment": "2",
    "measurement_format": 0,
    "measurement_type": 1,
    "experimenter": 1,
    "y_units": 2,
    "active": true,
    "update_ref": 39
  },
  "model": "main.measurement",
  "pk": 3
},
{
  "fields": {
    "x_units": 1,
    "assay": 15,
    "compartment": "2",
    "measurement_format": 0,
    "measurement_type": 2,
    "experimenter": 1,
    "y_units": 2,
    "active": true,
    "update_ref": 39
  },
  "model": "main.measurement",
  "pk": 4
},
{
  "fields": {
    "x_units": 1,
    "assay": 16,
    "compartment": "0",
    "measurement_format": 0,
    "measurement_type": 3,
    "experimenter": 1,
    "y_units": 3,
    "active": true,
    "update_ref": 39
  },
  "model": "main.measurement",
  "pk": 5
},
{
  "fields": {
    "x_units": 1,
    "assay": 17,
    "compartment": "2",
    "measurement_format": 0,
    "measurement_type": 1,
    "experimenter": 1,
    "y_units": 4,
    "active": true,
    "update_ref": 39
  },
  "model": "main.measurement",
  "pk": 6
},
{
  "fields": {
    "x_units": 1,
    "assay": 17,
    "compartment": "2",
    "measurement_format": 0,
    "measurement_type": 2,
    "experimenter": 1,
    "y_units": 4,
    "active": true,
    "update_ref": 39
  },
  "model": "main.measurement",
  "pk": 7
},
{
  "fields": {
    "x_units": 1,
    "assay": 18,
    "compartment": "2",
    "measurement_format": 0,
    "measurement_type": 4,
    "experimenter": 1,
    "y_units": 5,
    "active": true,
    "update_ref": 39
  },
  "model": "main.measurement",
  "pk": 8
},
{
  "fields": {
    "x_units": 1,
    "assay": 18,
    "compartment": "2",
    "measurement_format": 0,
    "measurement_type": 5,
    "experimenter": 1,
    "y_units": 5,
    "active": true,
    "update_ref": 39
  },
  "model": "main.measurement",
  "pk": 9
},
{
  "fields": {
    "x_units": 1,
    "assay": 19,
    "compartment": "1",
    "measurement_format": 0,
    "measurement_type": 1,
    "experimenter": 1,
    "y_units": 2,
    "active": true,
    "update_ref": 39
  },
  "model": "main.measurement",
  "pk": 10
}
]
